attack_category attack_type,attack_category attack_type
apache2 dos,
back dos,
mailbomb dos,
processtable dos,
snmpgetattack dos,
teardrop dos,
smurf dos,
land dos,
neptune dos,
pod dos,
udpstorm dos,
ps u2r,
buffer_overflow u2r,
perl u2r,
rootkit u2r,
loadmodule u2r,
xterm u2r,
sqlattack u2r,
httptunnel u2r,
ftp_write r2l,
guess_passwd r2l,
snmpguess r2l,
imap r2l,
spy r2l,
warezclient r2l,
warezmaster r2l,
multihop r2l,
phf r2l,
imap r2l,
named r2l,
sendmail r2l,
xlock r2l,
xsnoop r2l,
worm r2l,
nmap probe,
ipsweep probe,
portsweep probe,
satan probe,
mscan probe,
saint probe,
worm probe,
